<?xml version="1.0" encoding="UTF-8"?>
<!DOCTYPE hibernate-mapping PUBLIC
"-//hibernate/hibernate mapping dtd2.0//en"
"http://hibernate.sourceforge.net/hibernate-mapping-3.0.dtd">
<hibernate-mapping>
<class name="Student" table="Student">
<id name="name" column="name" type="string">
<generator class ="assigned"></generator></id>
<property name="course" type="string" column="course" />
<property name="fees" type="string" column="fees" />
<property name="phone" type="string" column="phone" />
<property name="email" type="string" column="email" />
</class>
</hibernate-mapping>
